id,length,azimuth,geometry,type,censored,f_set
,6.591,60,"LINESTRING (410118.1925005717 5081040.6120957825, 410118.54138753866 5081040.900605328, 410118.74794190365 5081041.097439487, 410118.99580714165 5081041.255392825, 410119.2776930986 5081041.449796934, 410119.76856347185 5081041.765703609, 410120.4003768237 5081042.149651723, 410120.8863870942 5081042.368356344, 410121.1852834099 5081042.5238796305, 410121.18528341 5081042.5238796305, 410121.18528341 5081042.5238796305, 410121.48417972703 5081042.679402918, 410121.9896304084 5081042.985589389, 410122.4566614115 5081043.213762006, 410122.4566614117 5081043.213762006, 410122.892394486 5081043.42664371, 410123.1232493645 5081043.588242124, 410123.4488762457 5081043.770495975, 410123.6724409702 5081043.860407876, 410123.8477175365 5081043.941143296)",fracture,0,1
,10.175,63,"LINESTRING (410120.30194424203 5081039.61852699, 410120.4201209909 5081039.708057623, 410120.6643411519 5081039.85507573, 410120.9535172628 5081040.009383991, 410120.9972581872 5081040.057985018, 410121.0118384953 5081040.073172838, 410121.09324521566 5081040.081070505, 410121.1467063454 5081040.124203917, 410121.3180249658 5081040.2293036375, 410121.4917736375 5081040.328935743, 410121.58290056325 5081040.392117078, 410121.6351466673 5081040.440718106, 410121.7129083106 5081040.486889081, 410121.7955300566 5081040.518479749, 410122.011804627 5081040.584091135, 410123.13084327494 5081041.186743871, 410123.80882760236 5081041.621723063, 410123.8677930504 5081041.648920305, 410123.8677930505 5081041.648920305, 410124.43578084995 5081041.910899174, 410124.43578084995 5081041.910899174, 410124.43578085053 5081041.910899174, 410124.43578085135 5081041.910899174, 410125.83733328327 5081042.59323391, 410125.8373332834 5081042.59323391, 410125.9132520739 5081042.630194374, 410126.2651046757 5081042.809262216, 410126.2651046759 5081042.809262216, 410126.45758357696 5081042.907220229, 410127.0748166205 5081043.17938598, 410127.36885283416 5081043.339769369, 410128.2424562955 5081043.816059435, 410128.81108831207 5081044.0614946205, 410128.9593214446 5081044.119815853, 410129.3092488393 5081044.271694062)",fracture,0,1
,0.791,60,"LINESTRING (410129.2872635528 5081044.319966104, 410129.30317371077 5081044.326370217, 410129.43503256264 5081044.401155834, 410129.43503256264 5081044.401155834, 410129.54739387176 5081044.464883144, 410129.8292798287 5081044.622836483, 410129.97508290986 5081044.710318331)",fracture,0,1
,2.997,79,"LINESTRING (410129.43503256474 5081044.401155836, 410129.5176257426 5081044.474603349, 410129.6688964393 5081044.590030788, 410129.8900311124 5081044.740693972, 410130.1518691457 5081044.881029437, 410130.36146107485 5081044.961828644, 410130.6554972884 5081045.049310492, 410130.6915062368 5081045.054519771, 410130.69150623697 5081045.054519771, 410130.77170333784 5081045.066121583, 410130.771703338 5081045.066121583, 410130.771703338 5081045.066121583, 410130.8724956333 5081045.080702824, 410131.36503667466 5081045.009042139, 410131.5919872076 5081044.986539962, 410131.7213214854 5081044.97371645, 410131.7400581886 5081044.972161537, 410131.74005818873 5081044.972161537, 410131.96456408984 5081044.953530341, 410132.19468572387 5081044.943437288, 410132.2438528215 5081044.938785603, 410132.2438528216 5081044.938785603, 410132.2438528222 5081044.938785603)",fracture,0,1
,0.508,67,"LINESTRING (410125.80143664166 5081043.242129635, 410125.80143664195 5081043.242129635, 410125.80143664207 5081043.242129635, 410125.80143664207 5081043.242129635, 410126.18329152913 5081043.393230501, 410126.26834332646 5081043.439401477)",fracture,0,1
,1.344,68,"LINESTRING (410125.9799405568 5081043.068454451, 410125.9799405571 5081043.068454451, 410125.9799405572 5081043.068454451, 410125.9799405572 5081043.068454451, 410126.3315246617 5081043.198826392, 410126.540509078 5081043.264437779, 410126.6887422105 5081043.376220141, 410126.7713639565 5081043.439401477, 410126.99735873233 5081043.50015276, 410127.2160633541 5081043.5560439415)",fracture,0,1
,0.191,21,"LINESTRING (410126.7938014064 5081044.549129022, 410126.7980945214 5081044.5584401265, 410126.8254325991 5081044.641061872, 410126.8436579843 5081044.70485072, 410126.8612758566 5081044.725506157)",fracture,0,1
,2.527,86,"LINESTRING (410124.71028123394 5081041.445666126, 410125.6091857147 5081041.457705025, 410125.6091857147 5081041.457705025, 410125.60918571474 5081041.457705025, 410125.78869799996 5081041.460109207, 410126.5204808054 5081041.498624092, 410126.77323473495 5081041.549174878, 410127.2222663295 5081041.632795064)",fracture,0,1
,0.363,66,"LINESTRING (410126.0051825891 5081041.146574644, 410126.1100565677 5081041.204948098, 410126.206343779 5081041.248277343, 410126.2845771381 5081041.266331195, 410126.335127924 5081041.291606588)",fracture,0,1
,0.419,56,"LINESTRING (410126.66250444227 5081042.006539131, 410126.8526716845 5081042.098011982, 410127.00796563306 5081042.236563626, 410127.00796563306 5081042.236563626, 410127.0079656332 5081042.236563626, 410127.00796563335 5081042.236563626)",fracture,0,1
,2.914,76,"LINESTRING (410129.8426904917 5081044.466376474, 410129.9871213086 5081044.566274456, 410130.1592346987 5081044.60719652, 410130.3445875803 5081044.620436012, 410130.5841020183 5081044.592753438, 410130.82000568585 5081044.575903176, 410130.90786776633 5081044.589744464, 410130.9957298464 5081044.60358575, 410131.2776371624 5081044.6429216545, 410131.35801047867 5081044.654136536, 410131.6203931293 5081044.673393978, 410131.63447780337 5081044.67755231, 410131.6617429488 5081044.68560202, 410131.66174294887 5081044.68560202, 410131.7467700941 5081044.710705272, 410132.1018291857 5081044.850321729, 410132.2438528215 5081044.938785603, 410132.3067908038 5081044.977988499, 410132.3067908038 5081044.977988499, 410132.3067908041 5081044.977988499, 410132.38587645884 5081045.027249479, 410132.6043111397 5081045.132086195)",fracture,0,1
,0.601,42,"LINESTRING (410129.14383146336 5081043.479658844, 410129.14383146353 5081043.479658844, 410129.1438314637 5081043.479658844, 410129.1495805252 5081043.491083215, 410129.1872463212 5081043.577350038, 410129.2303179284 5081043.608756418, 410129.2303179285 5081043.608756418, 410129.2303179285 5081043.608756418, 410129.2455675536 5081043.619875937, 410129.3075338631 5081043.690347426, 410129.375575301 5081043.711002862, 410129.44483176456 5081043.755958812, 410129.4776374575 5081043.793017095, 410129.47763745754 5081043.793017095, 410129.51044315106 5081043.8300753785, 410129.5298835619 5081043.902976919)",fracture,0,1
,0.349,37,"LINESTRING (410129.57240946055 5081043.404816392, 410129.6744716174 5081043.5056635225, 410129.6586762836 5081043.53725419, 410129.7704586458 5081043.666046912)",fracture,0,1
,0.539,74,"LINESTRING (410129.8470052633 5081043.390236083, 410130.0025285499 5081043.440052136, 410130.07907516754 5081043.472857829, 410130.1677720419 5081043.4765029065, 410130.2345984541 5081043.508093574, 410130.36131073954 5081043.536950904)",fracture,0,1
,1.45,59,"LINESTRING (410131.704671333 5081044.224821355, 410131.83249199815 5081044.217547008, 410131.8840241714 5081044.23110699, 410131.9998019744 5081044.281976936, 410132.2086796466 5081044.473188338, 410132.35520577483 5081044.561519692, 410132.5590773674 5081044.718093076, 410132.61500387464 5081044.761044634, 410132.71164876776 5081044.861846296, 410132.7550709714 5081044.881645021, 410132.7550709714 5081044.881645021, 410132.75507097156 5081044.881645021, 410132.91221290076 5081044.953295227)",fracture,0,1
,0.884,88,"LINESTRING (410131.9655086253 5081044.719476936, 410132.10760961694 5081044.713430085, 410132.10760961694 5081044.713430085, 410132.10760961776 5081044.713430085, 410132.30740292446 5081044.704928243, 410132.3074029246 5081044.704928243, 410132.55907736794 5081044.718093076, 410132.7532164638 5081044.717398551, 410132.8446653949 5081044.744417554)",fracture,0,1
,0.652,48,"LINESTRING (410132.3074029246 5081044.704928243, 410132.3926167013 5081044.73922159, 410132.46743855404 5081044.777671709, 410132.5079670576 5081044.799494749, 410132.56200506235 5081044.861846293, 410132.6161677801 5081044.951553294, 410132.6161677801 5081044.951553294, 410132.6285133759 5081044.972000687, 410132.7178839222 5081045.056175272, 410132.7812746586 5081045.128351051)",fracture,0,1
,6.141,79,"LINESTRING (410131.89953326806 5081044.0357189495, 410132.3692348719 5081044.169744142, 410132.4866636116 5081044.218586185, 410132.4866636122 5081044.218586185, 410132.6040923541 5081044.267428228, 410132.8680472234 5081044.365112313, 410133.1236885535 5081044.471109938, 410133.1236885536 5081044.471109938, 410133.3647811902 5081044.541775021, 410133.72642014455 5081044.593734641, 410133.7264201446 5081044.593734641, 410133.726420145 5081044.593734641, 410134.2397811901 5081044.764162192, 410134.70758831565 5081044.93479341, 410134.7075883159 5081044.93479341, 410134.7075883159 5081044.93479341, 410134.8352384345 5081044.9813534, 410135.12465351756 5081045.081635466, 410135.33899895055 5081045.138910119, 410135.3389989506 5081045.138910119, 410135.5278601685 5081045.137751855, 410135.6665923536 5081045.153339744, 410136.17008107103 5081045.176201975, 410136.60862026346 5081045.1304775085, 410136.94012263877 5081045.093066584, 410137.13237323257 5081045.084753045, 410137.2352532801 5081045.1044977, 410137.27993855317 5081045.1315167, 410137.3412509047 5081045.125281545, 410137.498687967 5081045.122464776, 410137.4986879675 5081045.122464776, 410137.49868796754 5081045.122464776, 410137.6801346186 5081045.13814622, 410137.68013461895 5081045.13814622, 410137.8407538374 5081045.152027663)",fracture,0,1
,1.509,65,"LINESTRING (410132.5251137316 5081044.3900529295, 410132.984436772 5081044.602048179, 410133.01910408953 5081044.621906157, 410133.01910408976 5081044.621906157, 410133.01910408976 5081044.621906157, 410133.1985104062 5081044.724672882, 410133.447916582 5081044.843140815, 410133.653676677 5081044.930432977, 410133.89269092877 5081045.023960293)",fracture,0,1
,4.734,68,"LINESTRING (410134.07807433885 5081043.797573915, 410134.383189741 5081043.863701977, 410134.6824771519 5081043.980091526, 410134.86886373436 5081044.073874649, 410134.86886373436 5081044.073874649, 410135.01086195 5081044.145323118, 410135.195838197 5081044.247163973, 410135.3496386721 5081044.30224117, 410135.4384146799 5081044.329202772, 410135.4384146801 5081044.329202772, 410135.63022061985 5081044.387454946, 410135.89937145123 5081044.466433568, 410136.10175980424 5081044.565937318, 410136.10175980435 5081044.565937318, 410136.1017598046 5081044.565937318, 410136.2345293714 5081044.637731771, 410136.23452937166 5081044.637731771, 410136.2345293717 5081044.637731771, 410136.60394389776 5081044.7522114795, 410137.0258560118 5081044.815602215, 410137.25032156997 5081044.923678225, 410137.39476931345 5081045.049420505, 410137.4986879675 5081045.122464776, 410137.5381778645 5081045.150222167, 410137.6423687288 5081045.199794337, 410137.64236872917 5081045.199794337, 410137.64236872934 5081045.199794337, 410137.71587976476 5081045.221926443, 410137.92787501414 5081045.259337369, 410138.10661610676 5081045.361178224, 410138.15133622277 5081045.378726625, 410138.15133622364 5081045.378726625, 410138.1887123063 5081045.393393189, 410138.36433582177 5081045.477567773, 410138.41681503784 5081045.53939972)",fracture,0,1
,3.766,84,"LINESTRING (410135.3283357769 5081043.947022075, 410135.43433285214 5081043.964503634, 410135.55695755524 5081043.981130713, 410135.73154187825 5081044.042443064, 410135.9019694317 5081044.067383681, 410136.20541361225 5081044.082971567, 410136.3005809301 5081044.093797479, 410136.3005809302 5081044.093797479, 410136.59822833905 5081044.127656841, 410136.6881184818 5081044.166106967, 410136.68811848224 5081044.166106967, 410136.6881184823 5081044.166106967, 410136.9086870684 5081044.19936112, 410136.90868706885 5081044.19936112, 410136.90868706885 5081044.19936112, 410137.1292556549 5081044.232615273, 410137.45694550395 5081044.25321292, 410137.45694550406 5081044.25321292, 410137.4929729945 5081044.255477506, 410137.850455179 5081044.2700261995, 410137.85045517905 5081044.2700261995, 410137.8504551798 5081044.2700261995, 410138.095704586 5081044.3240642045, 410138.35758107057 5081044.357318361, 410138.775336415 5081044.336534513, 410139.05176159303 5081044.365631901)",fracture,0,1
,0.641,51,"LINESTRING (410133.22604900406 5081044.195204335, 410133.39439817274 5081044.349004811, 410133.6255272126 5081044.519367544, 410133.6255272126 5081044.519367544, 410133.62552721275 5081044.519367544, 410133.726420145 5081044.593734641)",fracture,0,1
,0.319,80,"LINESTRING (410133.49675862404 5081044.233134859, 410133.6318536359 5081044.237811225, 410133.7305769138 5081044.267947804, 410133.8085163434 5081044.286653267, 410133.8085163434 5081044.286653267, 410133.8085163435 5081044.286653267, 410133.8085163438 5081044.286653267)",fracture,0,1
,2.283,71,"LINESTRING (410137.45694550365 5081044.25321292, 410137.45694550406 5081044.25321292, 410137.6343031597 5081044.37498461, 410137.8109658676 5081044.466433541, 410138.18507513124 5081044.589058244, 410138.81898249465 5081044.817680571, 410138.95325521333 5081044.872792046, 410138.9532552135 5081044.872792046, 410138.9532552138 5081044.872792046, 410139.06468734663 5081044.878606633, 410139.0646873469 5081044.878606633, 410139.22946349235 5081044.91640385, 410139.2294634925 5081044.91640385, 410139.2294634926 5081044.91640385, 410139.43782157014 5081044.953814813, 410139.4378215705 5081044.953814813, 410139.43782157055 5081044.953814813, 410139.43782157055 5081044.953814813, 410139.5962984093 5081044.991745298)",fracture,0,1
,0.286,62,"LINESTRING (410136.0123952441 5081043.639620572, 410136.26377815567 5081043.774812495)",fracture,0,1
,3.48,72,"LINESTRING (410136.89959065866 5081043.025780112, 410137.2789141033 5081043.0252219755, 410137.27891410363 5081043.0252219755, 410137.379701022 5081043.025073677, 410137.5275261407 5081043.052612276, 410137.6753512596 5081043.080150874, 410137.845778813 5081043.095738761, 410138.2541814258 5081043.162247075, 410138.265501576 5081043.170007429, 410138.265501576 5081043.170007429, 410138.4194130172 5081043.275519046, 410138.6033500719 5081043.286950163, 410138.98019025585 5081043.322253272, 410138.98019025644 5081043.322253272, 410139.0803393831 5081043.331635434, 410139.2103785304 5081043.371682711, 410139.21037853067 5081043.371682711, 410139.5417408083 5081043.501023795, 410139.79946052324 5081043.580002419, 410139.9148108795 5081043.753547549, 410139.95533938304 5081043.910465602, 410139.98938332533 5081044.02303092, 410139.9893833254 5081044.02303092)",fracture,0,1
,0.505,41,"LINESTRING (410131.92582215613 5081045.364236966, 410131.6605056536 5081045.083713822, 410131.5919872076 5081044.986539962, 410131.5919872076 5081044.986539962, 410131.59198720753 5081044.986539962)",fracture,0,1
,0.319,20,"LINESTRING (410131.74005818873 5081044.972161537, 410131.7400581886 5081044.972161537, 410131.7400581886 5081044.972161537, 410131.692720618 5081044.865483417, 410131.64387857524 5081044.786504795, 410131.6344778033 5081044.67755231)",fracture,0,1
,0.482,86,"LINESTRING (410131.66174294875 5081044.68560202, 410131.6617429488 5081044.68560202, 410131.6617429488 5081044.68560202, 410131.73324912164 5081044.625429974, 410131.88393201947 5081044.63270432, 410132.1076096156 5081044.713430085)",fracture,0,1
,0.293,64,"LINESTRING (410136.38361110265 5081043.337923706, 410136.49846586736 5081043.3576152455, 410136.6003067225 5081043.395545768, 410136.6292547035 5081043.45673696, 410136.6292547035 5081043.45673696, 410136.62925470376 5081043.45673696, 410136.629254704 5081043.45673696)",fracture,0,1
,0.711,75,"LINESTRING (410136.9770139663 5081045.578888993, 410137.10379543895 5081045.5913593015, 410137.1931659853 5081045.599672841, 410137.33865292114 5081045.65578923, 410137.6608025649 5081045.757630086)",fracture,0,1
,0.287,51,"LINESTRING (410137.6441754864 5081045.450029138, 410137.7460163415 5081045.496792795, 410137.79901515384 5081045.560183532, 410137.862835306 5081045.627219979, 410137.862835306 5081045.627219979, 410137.86283530603 5081045.627219979, 410137.8628353061 5081045.627219979)",fracture,0,1
,0.91,52,"LINESTRING (410141.4799062519 5081041.088189576, 410141.47990625206 5081041.088189576, 410141.584793063 5081041.154007759, 410141.7250840368 5081041.250652652, 410141.75418142404 5081041.314043389, 410141.78074808273 5081041.337409245, 410141.78074808285 5081041.337409245, 410141.78074808285 5081041.337409245, 410141.82096958277 5081041.372784781, 410141.8209695828 5081041.372784781, 410141.84043439315 5081041.389904434, 410141.85539653205 5081041.391101405, 410141.8553965321 5081041.391101405, 410141.91837382305 5081041.396139588, 410141.9744902126 5081041.424197783, 410142.01709710096 5081041.455373555, 410142.07321349054 5081041.476157403, 410142.1262123029 5081041.560331987, 410142.17379052937 5081041.6214628685)",fracture,0,1
,0.348,55,"LINESTRING (410141.6633905063 5081040.960306611, 410141.7178096902 5081040.9825410135, 410141.9474712104 5081041.158164529)",fracture,0,1
,0.473,42,"LINESTRING (410142.03216539085 5081041.068793981, 410142.1116636094 5081041.135302295, 410142.1984361747 5081041.190379493, 410142.26494448824 5081041.255848614, 410142.3236588588 5081041.336386025, 410142.3420060693 5081041.40758629)",fracture,0,1
,0.278,51,"LINESTRING (410141.1692305551 5081041.330197702, 410141.1692305554 5081041.330197702, 410141.1692305554 5081041.330197702, 410141.28888302663 5081041.402634533, 410141.37305761094 5081041.472260424, 410141.37825357297 5081041.5003186185)",fracture,0,1
,0.316,57,"LINESTRING (410141.2743343331 5081041.731019331, 410141.3553913402 5081041.782978951, 410141.43644834735 5081041.814154723, 410141.4873687749 5081041.882741421, 410141.53101485566 5081041.9004076915)",fracture,0,1
,0.833,55,"LINESTRING (410144.0554729915 5081038.444833172, 410144.3420302948 5081038.593697473, 410144.3898331452 5081038.641500324, 410144.4604982283 5081038.662284172, 410144.5186930027 5081038.664362556, 410144.59675295313 5081038.736976464, 410144.59675295313 5081038.736976464, 410144.608063549 5081038.747497949, 410144.7083341265 5081038.907095466)",fracture,0,1
,0.764,76,"LINESTRING (410143.90453029476 5081038.863887497, 410144.0811930026 5081038.8327117255, 410144.26097328763 5081038.852456381, 410144.324364024 5081038.891945692, 410144.4553022663 5081038.904416001, 410144.5270065418 5081038.93455258, 410144.59758830303 5081039.031226404)",fracture,0,1
,0.579,59,"LINESTRING (410144.0053319575 5081039.004178471, 410144.113407967 5081039.036393436, 410144.1504537768 5081039.084862146, 410144.150453777 5081039.084862146, 410144.15045377705 5081039.084862146, 410144.15045377705 5081039.084862146, 410144.1978423495 5081039.115372059, 410144.28591390536 5081039.1252443865, 410144.38411758706 5081039.128361964, 410144.4069798199 5081039.151743793, 410144.41996972484 5081039.1985074505, 410144.4493579148 5081039.272995956)",fracture,0,1
,3.823,88,"LINESTRING (410136.4866509246 5081039.328482013, 410136.77930761094 5081039.339318019, 410136.9424608176 5081039.35698429, 410137.0604091548 5081039.363219446, 410137.13523100753 5081039.3808857165, 410137.1767987035 5081039.393356025, 410137.2672084422 5081039.3808857165, 410137.3607357581 5081039.39959118, 410137.5134970408 5081039.422453413, 410137.69119894103 5081039.440119684, 410137.8491561857 5081039.468177878, 410138.0517987035 5081039.480648188, 410138.2147659258 5081039.483564443, 410138.73370951245 5081039.492850802, 410139.0390314824 5081039.498314458, 410139.34174023656 5081039.485635557, 410139.3417402366 5081039.485635557, 410139.4360029788 5081039.48168738, 410139.65335963183 5081039.5135413725, 410139.65335963183 5081039.5135413725, 410139.6770956154 5081039.517019922, 410139.96806948713 5081039.479608995, 410140.27567043726 5081039.452589993, 410140.2889201403 5081039.451550799)",fracture,0,1
,0.58,87,"LINESTRING (410137.97256028187 5081039.579891065, 410138.1294783341 5081039.566381564, 410138.25729899923 5081039.562224794, 410138.41941301344 5081039.594439759, 410138.54827287095 5081039.6058708755)",fracture,0,1
,2.622,90,"LINESTRING (410137.2438266112 5081040.65727379, 410137.3477458511 5081040.621941248, 410137.472448939 5081040.611549324, 410137.5784465637 5081040.636489942, 410137.71769834514 5081040.692606332, 410137.9234584402 5081040.688449562, 410138.15623753757 5081040.665587329, 410138.2061187727 5081040.684292792, 410138.3017244734 5081040.680136022, 410138.5576256019 5081040.7027384555, 410138.55762560194 5081040.7027384555, 410138.5576256023 5081040.7027384555, 410138.6136120923 5081040.680006123, 410138.6136120923 5081040.680006123, 410138.61361209233 5081040.680006123, 410138.66959858267 5081040.65727379, 410138.77351782256 5081040.634411557, 410138.9356318368 5081040.621941248, 410139.0894323119 5081040.599079016, 410139.22037055413 5081040.609470942, 410139.360661528 5081040.622980443, 410139.4972733935 5081040.636291342, 410139.4972733937 5081040.636291342, 410139.5633040458 5081040.642725098, 410139.63743950776 5081040.656453888, 410139.6474786302 5081040.658312985, 410139.7441235233 5081040.6718224855, 410139.8210237608 5081040.677018446)",fracture,0,1
,1.692,71,"LINESTRING (410136.06828642543 5081039.849955434, 410136.19684026897 5081039.860213217, 410136.35479751363 5081039.868526757, 410136.5231466823 5081039.889310605, 410136.58908284997 5081039.882877808, 410136.58908284997 5081039.882877808, 410136.58908285 5081039.882877808, 410136.6935742357 5081039.872683527, 410136.78917993646 5081039.893467374, 410136.90425090876 5081039.959571975, 410136.98454810743 5081040.005700153, 410137.07184026897 5081040.074286852, 410137.3430694851 5081040.2270481335, 410137.36593171797 5081040.240557635, 410137.3913729179 5081040.258370577, 410137.48128207424 5081040.303428776, 410137.6201268666 5081040.381799313)",fracture,0,1
,0.479,36,"LINESTRING (410136.6393485004 5081039.599660143, 410136.7829447818 5081039.680432933, 410136.8141205539 5081039.703295166, 410136.81412055396 5081039.703295166, 410136.81412055396 5081039.703295166, 410136.8286692474 5081039.760450748, 410136.8764720977 5081039.848782102, 410136.89569715713 5081039.885348687, 410136.9042509087 5081039.959571975)",fracture,0,1
,0.854,77,"LINESTRING (410140.4108303961 5081039.829102395, 410140.64776626305 5081039.829102395, 410140.71635296143 5081039.812475317, 410140.7994883533 5081039.872748476, 410140.978229446 5081039.951727099, 410141.2193220825 5081040.009921873)",fracture,0,1
,1.374,71,"LINESTRING (410140.9491320589 5081039.5277366, 410141.1486569995 5081039.496560827, 410141.2546546242 5081039.5277366, 410141.3731225577 5081039.579696219, 410141.50198241515 5081039.621263915, 410141.5477068807 5081039.677380305, 410141.5955097311 5081039.748045388, 410141.68695866223 5081039.800005008, 410141.8366023677 5081039.843651089, 410141.9342864532 5081039.8540430125, 410142.1983475417 5081039.945919191, 410142.1983475417 5081039.945919191, 410142.19834754174 5081039.945919191)",fracture,0,1
,0.799,68,"LINESTRING (410142.6201534365 5081038.276548951, 410142.77811068116 5081038.351370803, 410143.0961035553 5081038.501014509, 410143.36005842465 5081038.569601207)",fracture,0,1
,0.347,89,"LINESTRING (410136.3768154021 5081040.86342358, 410136.7239056634 5081040.869658735)",fracture,0,1
,1.008,90,"LINESTRING (410138.84548189794 5081041.088798424, 410138.98466872703 5081041.048399829, 410139.09794069856 5081041.032811943, 410139.2049775156 5081041.006832133, 410139.52504877455 5081041.002675364, 410139.71522098355 5081041.043203868, 410139.8305713399 5081041.0889283335)",fracture,0,1
,0.588,85,"LINESTRING (410141.52346963045 5081038.494879542, 410141.5234696305 5081038.494879542, 410141.5234696305 5081038.494879542, 410141.66578511626 5081038.478477026, 410141.74788131576 5081038.448340448, 410141.83621266973 5081038.461849948, 410141.9494846412 5081038.508613606, 410142.09081480745 5081038.542906956)",fracture,0,1
,1.095,79,"LINESTRING (410140.52818614425 5081037.923825387, 410140.63074948674 5081037.993174178, 410140.86768535373 5081038.116838073, 410140.97056540125 5081038.159444962, 410141.1181307219 5081038.15009223, 410141.3083029309 5081038.148013844, 410141.4340452112 5081038.164640923, 410141.5566699143 5081038.129308381)",fracture,0,1
,0.161,88,"LINESTRING (410137.02981088846 5081039.055295594, 410137.1910226458 5081039.060424769)",fracture,0,1
,0.833,90,"LINESTRING (410139.59674546355 5081041.51319949, 410139.5967454641 5081041.51319949, 410139.7775725269 5081041.53785945, 410139.9126675388 5081041.511879641, 410140.0427058534 5081041.509141992, 410140.0427058534 5081041.509141992, 410140.2088373725 5081041.505644486, 410140.4251372828 5081041.5074606165)",fracture,0,1
,0.534,78,"LINESTRING (410140.6732338052 5081037.888903966, 410140.73155114905 5081037.931861825, 410140.989270864 5081037.975507907, 410141.12436587585 5081037.992134985, 410141.1884291335 5081037.996035142)",fracture,0,1
,1.222,72,"LINESTRING (410128.98711825087 5081042.747479406, 410128.955526012 5081042.746576691, 410129.7228664694 5081042.959474656, 410130.08470097464 5081043.1133669475)",fracture,0,1
,1.428,80,"LINESTRING (410132.9834589638 5081045.128351051, 410133.1530026517 5081045.199760533, 410133.1530026517 5081045.199760533, 410133.1781811963 5081045.210365391, 410133.50240922475 5081045.305971093, 410133.7767560181 5081045.334029287, 410134.2641372532 5081045.364165868, 410134.3783344664 5081045.368228042)",fracture,0,1
,0.379,9,"LINESTRING (410138.0795321457 5081039.88242596, 410138.10694084724 5081039.948609524, 410138.10694084724 5081039.948609524, 410138.1069408473 5081039.948609524, 410138.1069408474 5081039.948609524, 410138.09304164693 5081040.0684414, 410138.1335701505 5081040.180674179, 410138.13892427686 5081040.2474191785)",fracture,0,1
,2.291,99,"LINESTRING (410131.31632093526 5081044.168156752, 410131.2022588428 5081044.19028734, 410131.0478870476 5081044.1767798085, 410131.0478870476 5081044.1767798085, 410131.0078547346 5081044.173276981, 410130.7502692912 5081044.147761442, 410130.4708133857 5081044.074859901, 410130.3262253302 5081044.055419491, 410130.03461916785 5081044.06149462, 410129.839000034 5081044.090655236, 410129.7320777745 5081044.095515339, 410129.62758556625 5081044.104020518, 410129.4562669459 5081044.1781370845, 410129.35055971204 5081044.235243291, 410129.30924883945 5081044.271694062, 410129.3092488393 5081044.271694062, 410129.287263553 5081044.319966103, 410129.2813032485 5081044.333052859, 410129.27596665174 5081044.349365261, 410129.23313347105 5081044.480293664)",fracture,0,2
,0.438,136,"LINESTRING (410123.56612622214 5081041.966790359, 410123.7824007926 5081041.735935479, 410123.8677930505 5081041.648920305, 410123.8677930505 5081041.648920305, 410123.86779305054 5081041.648920305)",fracture,0,2
,1.532,136,"LINESTRING (410125.2007509923 5081043.906729369, 410125.5150274071 5081043.526883326, 410125.80143664207 5081043.242129635, 410125.9354262911 5081043.108914493, 410125.9799405572 5081043.068454451, 410125.9799405572 5081043.068454451, 410126.2651046759 5081042.809262216, 410126.26510467596 5081042.809262216)",fracture,0,2
,0.631,94,"LINESTRING (410124.24411054957 5081043.509872965, 410124.3996338362 5081043.470992142, 410124.56366230245 5081043.456411834, 410124.66329440795 5081043.443046552, 410124.7240456918 5081043.460056911, 410124.8662036959 5081043.463701989)",fracture,0,2
,0.807,114,"LINESTRING (410123.88446294935 5081043.107699466, 410124.0217608508 5081043.090689106, 410124.1724240346 5081043.027507771, 410124.43972968345 5081042.910865306, 410124.5357167119 5081042.842823868, 410124.6094614339 5081042.78130939)",fracture,0,2
,0.336,106,"LINESTRING (410124.8127425661 5081043.113774594, 410125.0022865716 5081043.060313464, 410125.13593939604 5081043.023862693)",fracture,0,2
,1.495,103,"LINESTRING (410125.66705896985 5081044.608603546, 410125.76167761954 5081044.557832613, 410125.86373977637 5081044.527456971, 410125.9645869075 5081044.512876663, 410126.033843371 5081044.481285995, 410126.1760013752 5081044.433899994, 410126.2622681982 5081044.422964763, 410126.3594702523 5081044.408384454, 410126.4056412281 5081044.388336531, 410126.5544818734 5081044.387121505, 410126.6595815944 5081044.378616325, 410126.86856601073 5081044.3792238375, 410126.86856601085 5081044.3792238375, 410126.86856601085 5081044.3792238375, 410126.8685660109 5081044.3792238375, 410126.9219218702 5081044.356290178, 410126.9219218704 5081044.356290178, 410126.9378224743 5081044.349455708, 410126.9815633987 5081044.3385204775, 410127.04292219534 5081044.29842463, 410127.1012434278 5081044.283844322)",fracture,0,2
,0.095,174,"LINESTRING (410126.9323548588 5081044.26197386, 410126.9219218704 5081044.356290178, 410126.9219218704 5081044.356290178, 410126.9219218703 5081044.356290178)",fracture,0,2
,0.397,151,"LINESTRING (410126.6797828851 5081044.725853527, 410126.7592136999 5081044.613116279, 410126.7938014064 5081044.549129022, 410126.7938014064 5081044.549129022, 410126.83211524045 5081044.4782484295, 410126.86856601073 5081044.3792238375)",fracture,0,2
,1.393,101,"LINESTRING (410125.53948127246 5081044.49196108, 410125.624987231 5081044.483108534, 410125.6954587202 5081044.456985482, 410125.86556231487 5081044.402309326, 410125.96519442037 5081044.376186274, 410126.1377280664 5081044.326370222, 410126.20576950425 5081044.294172041, 410126.26773581374 5081044.29599458, 410126.31147673813 5081044.29599458, 410126.3540026368 5081044.296602092, 410126.4098938179 5081044.2862743735, 410126.488262974 5081044.282629297, 410126.6480388504 5081044.279591734, 410126.77318649506 5081044.252253655, 410126.8928665242 5081044.223093039)",fracture,0,2
,1.385,107,"LINESTRING (410122.4566614113 5081043.213762006, 410122.4566614115 5081043.213762006, 410122.4566614115 5081043.213762006, 410122.5071606107 5081043.189686696, 410123.0268066961 5081043.060617214, 410123.14101910964 5081043.009586136, 410123.2066304962 5081042.970705315, 410123.3159828071 5081042.956125006, 410123.54440763424 5081042.895373723, 410123.7728324614 5081042.805461822)",fracture,0,2
,2.326,95,"LINESTRING (410123.5371174802 5081042.778731258, 410123.7728324614 5081042.805461822, 410123.7728324622 5081042.805461822, 410123.7728324622 5081042.805461822, 410124.1592106265 5081042.812751977, 410124.5164281753 5081042.798171668, 410124.60946143453 5081042.78130939, 410124.90523639176 5081042.727700179, 410124.98299803503 5081042.69367946, 410125.12880111625 5081042.664518844, 410125.4738684083 5081042.640218331, 410125.72902380046 5081042.630498124, 410125.8373332834 5081042.59323391, 410125.8373332836 5081042.59323391)",fracture,0,2
,0.56,148,"LINESTRING (410125.6091857145 5081041.457705025, 410125.68650255294 5081041.326575392, 410125.68650255294 5081041.326575392, 410125.804344672 5081041.126714739, 410125.9064190313 5081040.984181924)",fracture,0,2
,0.577,115,"LINESTRING (410125.6865025527 5081041.326575392, 410125.8476739171 5081041.237445032, 410126.005182589 5081041.146574644, 410126.035433979 5081041.129121919, 410126.09320630576 5081041.089403445, 410126.198632712 5081041.092319207)",fracture,0,2
,0.352,113,"LINESTRING (410126.8719291268 5081042.292993584, 410127.00796563306 5081042.236563626, 410127.00796563306 5081042.236563626, 410127.19689846475 5081042.158191488)",fracture,0,2
,2.325,100,"LINESTRING (410126.99508205336 5081044.744686428, 410127.5967912892 5081044.558752018, 410128.160071475 5081044.455243265, 410128.2885334125 5081044.438559896, 410128.2885334126 5081044.438559896, 410128.2885334126 5081044.438559896, 410128.5307772383 5081044.40709966, 410128.9821235411 5081044.360159645, 410129.24089542136 5081044.346920155, 410129.27596665174 5081044.349365261, 410129.2759666518 5081044.349365261)",fracture,0,2
,2.577,91,"LINESTRING (410131.95138041826 5081045.231859803, 410132.1680266436 5081045.140386953, 410132.53993599705 5081045.134369002, 410132.6043111392 5081045.132086195, 410132.70964220684 5081045.128351051, 410132.78127465834 5081045.128351051, 410132.98345896305 5081045.128351051, 410132.98345896305 5081045.128351051, 410133.2572757208 5081045.128351051, 410133.8999928559 5081045.11390797, 410134.2827345206 5081045.186123379, 410134.5017879262 5081045.181309018)",fracture,0,2
,0.894,156,"LINESTRING (410127.92882929975 5081045.25135214, 410128.08123632125 5081044.994150746, 410128.2304814987 5081044.649923966, 410128.2885334125 5081044.438559896, 410128.2885334125 5081044.438559896, 410128.2885334126 5081044.438559896)",fracture,0,2
,1.143,162,"LINESTRING (410130.6915062372 5081045.054519771, 410130.85551159544 5081044.775097341, 410130.9078677661 5081044.589744464, 410130.90786776633 5081044.589744464, 410130.99272087147 5081044.439295692, 410131.05290037853 5081044.24792486, 410131.0478870476 5081044.1767798085, 410131.0478870476 5081044.1767798085, 410131.0417251289 5081043.995623101)",fracture,0,2
,0.198,111,"LINESTRING (410129.292953555 5081043.862881072, 410129.47763745754 5081043.793017095, 410129.47763745754 5081043.793017095, 410129.4776374578 5081043.793017095)",fracture,0,2
,0.516,100,"LINESTRING (410129.44483176456 5081043.755958812, 410129.6392358728 5081043.70614276, 410129.71335243905 5081043.691562451, 410129.7704586458 5081043.666046912, 410129.7704586463 5081043.666046912, 410129.7704586463 5081043.666046912, 410129.9478523946 5081043.666046912)",fracture,0,2
,0.919,108,"LINESTRING (410128.5408984935 5081043.70553572, 410128.6672153316 5081043.641138884, 410128.8330663364 5081043.560947189, 410128.98008444323 5081043.505056009, 410129.1331776785 5081043.479540469, 410129.1438314637 5081043.479658844, 410129.1438314637 5081043.479658844, 410129.1878538339 5081043.480147981, 410129.2522501948 5081043.457062494, 410129.3482372232 5081043.420611723, 410129.40291337867 5081043.418181672)",fracture,0,2
,0.367,113,"LINESTRING (410128.7167734625 5081043.53755842, 410128.8239536436 5081043.4783254415, 410128.962770327 5081043.431850709, 410129.05268222705 5081043.392969888)",fracture,0,2
,0.8,107,"LINESTRING (410128.46643233823 5081043.840706849, 410128.5994776498 5081043.800611001, 410128.74528073095 5081043.76173018, 410128.83762268233 5081043.721634332, 410129.09399310005 5081043.634152484, 410129.2303179285 5081043.608756418, 410129.2303179285 5081043.608756418, 410129.2303179287 5081043.608756418)",fracture,0,2
,0.437,118,"LINESTRING (410129.1001553294 5081043.324511402, 410129.2152161464 5081043.232664609, 410129.35651890415 5081043.1771528125, 410129.4534122238 5081043.134761984, 410129.48066346993 5081043.118613098)",fracture,0,2
,1.538,125,"LINESTRING (410130.77170333767 5081045.066121583, 410130.77170333784 5081045.066121583, 410130.86442119034 5081044.941418674, 410130.96938895324 5081044.8344323, 410131.16519420326 5081044.723408705, 410131.2776371623 5081044.6429216545, 410131.2776371624 5081044.6429216545, 410131.3912786157 5081044.537696509, 410131.42940549535 5081044.50955524, 410131.42940549535 5081044.50955524, 410131.4294054954 5081044.50955524, 410131.56084192503 5081044.412542637, 410131.8840241714 5081044.23110699, 410131.9060243761 5081044.218755998, 410132.0130107498 5081044.208662944)",fracture,0,2
,4.656,107,"LINESTRING (410135.51972036023 5081045.655803059, 410136.4725996154 5081045.430145188, 410136.84859298146 5081045.341103621, 410137.21598015167 5081045.268433631, 410137.4440831749 5081045.244210302, 410137.64236872934 5081045.199794337, 410137.696409528 5081045.187689198, 410137.84075383825 5081045.152027663, 410138.2111552885 5081045.060516716, 410138.8833526933 5081044.886916185, 410138.95325521333 5081044.872792046, 410139.1215625238 5081044.838784747, 410139.12156252464 5081044.838784747, 410139.4727870542 5081044.767818146, 410139.7069459099 5081044.6244967785, 410139.7261756706 5081044.599369891, 410139.7261756706 5081044.599369891, 410139.8583417218 5081044.426672917, 410139.8926581059 5081044.358040149)",fracture,0,2
,1.013,104,"LINESTRING (410138.22932278574 5081046.243422662, 410138.457425809 5081046.174789893, 410138.56037496106 5081046.106157126, 410138.653231059 5081046.061747688, 410138.86922241736 5081046.029449915, 410139.0831951648 5081046.015319639, 410139.1963700643 5081045.994947856)",fracture,0,2
,3.413,94,"LINESTRING (410136.4725996167 5081045.430145188, 410137.0756866992 5081045.388540978, 410137.285622225 5081045.37037348, 410138.0113128166 5081045.390559589, 410138.15133622277 5081045.378726625, 410138.40850649006 5081045.356993926, 410138.44127692236 5081045.354224593, 410138.6956218858 5081045.349178067, 410138.9499668503 5081045.3441315405, 410138.985570301 5081045.341647578, 410138.98557030165 5081045.341647578, 410138.98557030165 5081045.341647578, 410139.3839681777 5081045.313852378, 410139.53334537876 5081045.305777934, 410139.6605178607 5081045.2532940535, 410139.8558252603 5081045.179969374)",fracture,0,2
,0.242,130,"LINESTRING (410132.7550709713 5081044.881645021, 410132.7550709714 5081044.881645021, 410132.79894092935 5081044.789102826, 410132.8446653947 5081044.744417554, 410132.8446653947 5081044.744417554, 410132.8446653949 5081044.744417554, 410132.92052644 5081044.743378361)",fracture,0,2
,0.32,169,"LINESTRING (410131.42940549547 5081044.50955524, 410131.4053839222 5081044.442012565, 410131.4188934234 5081044.357837981, 410131.4862775923 5081044.209222834)",fracture,0,2
,0.314,95,"LINESTRING (410132.3067908047 5081044.977988499, 410132.4341843973 5081044.972000686, 410132.493418364 5081044.981353418, 410132.6161677801 5081044.951553294, 410132.6161677801 5081044.951553294, 410132.61616778036 5081044.951553294)",fracture,0,2
,1.885,130,"LINESTRING (410138.4085064898 5081045.356993926, 410138.73844508565 5081045.134634294, 410138.96914579824 5081044.945501276, 410139.06468734663 5081044.878606633, 410139.1215625238 5081044.838784747, 410139.1215625254 5081044.838784746, 410139.3127340574 5081044.618410621, 410139.3127340574 5081044.618410621, 410139.33909829234 5081044.588019092, 410139.52407453937 5081044.4383753855, 410139.63215054886 5081044.363553533, 410139.84206741344 5081044.147401514)",fracture,0,2
,0.947,130,"LINESTRING (410138.5139795274 5081045.525370633, 410138.6956218858 5081045.349178067, 410138.6956218858 5081045.349178067, 410138.6956218863 5081045.3491780665, 410138.83197240153 5081045.284277997, 410138.9587538742 5081045.188672296, 410139.2164735892 5081044.926795811, 410139.22946349235 5081044.91640385)",fracture,0,2
,0.389,131,"LINESTRING (410139.14684769843 5081045.210495336, 410139.3733916414 5081045.023440704, 410139.43782157014 5081044.953814813)",fracture,0,2
,0.468,130,"LINESTRING (410138.63244746084 5081045.641760182, 410138.8143061307 5081045.527449018, 410138.93381325656 5081045.400667545, 410138.985570301 5081045.341647578, 410138.985570301 5081045.341647578, 410138.98557030136 5081045.341647578)",fracture,0,2
,0.703,124,"LINESTRING (410138.4568239454 5081045.853755431, 410138.6792111188 5081045.732169921, 410138.94212679577 5081045.553428828, 410139.0346149193 5081045.459901513)",fracture,0,2
,0.185,145,"LINESTRING (410133.0191040895 5081044.621906157, 410133.0800424726 5081044.554764924, 410133.1236885536 5081044.471109938)",fracture,0,2
,0.571,106,"LINESTRING (410132.486663613 5081044.218586185, 410132.67995339894 5081044.1900083935, 410132.8555769144 5081044.166106968, 410133.0270771133 5081044.067309618)",fracture,0,2
,0.695,91,"LINESTRING (410132.0023765514 5081043.980044721, 410132.2091992421 5081043.971777988, 410132.41080256755 5081043.94683737, 410132.6082491234 5081043.94683737, 410132.69346290006 5081043.963464448)",fracture,0,2
,2.268,127,"LINESTRING (410135.01431298547 5081045.409702788, 410135.33899895055 5081045.138910119, 410135.4649890282 5081045.03383262, 410135.6250246576 5081044.921599841, 410135.91184175975 5081044.728310054, 410136.0677206196 5081044.5890582735, 410136.10175980424 5081044.565937318, 410136.3981838025 5081044.364592715, 410136.60394389747 5081044.246124783, 410136.6881184823 5081044.166106967, 410136.6881184823 5081044.166106967, 410136.77229306614 5081044.086089153, 410136.81282156974 5081044.0403646855)",fracture,0,2
,1.526,133,"LINESTRING (410135.36843162216 5081045.426315837, 410135.4940864154 5081045.305061834, 410135.6665923536 5081045.153339744, 410136.0885044676 5081044.814563022, 410136.2069724011 5081044.666997701, 410136.2345293717 5081044.637731771, 410136.2345293717 5081044.637731771, 410136.4750840401 5081044.382258984)",fracture,0,2
,0.763,125,"LINESTRING (410137.6801346188 5081045.13814622, 410137.8400632562 5081044.9974608775, 410137.9710014985 5081044.900815984, 410138.1757224011 5081044.782348052, 410138.30666064343 5081044.707526199)",fracture,0,2
,0.627,143,"LINESTRING (410134.3336199455 5081045.435929624, 410134.3783344662 5081045.3682280425, 410134.3783344664 5081045.3682280425, 410134.5017879262 5081045.181309018, 410134.5017879262 5081045.181309018, 410134.6424682441 5081045.008891993, 410134.70758831565 5081044.93479341, 410134.7075883157 5081044.93479341)",fracture,0,2
,0.835,120,"LINESTRING (410134.72040767403 5081044.741819548, 410134.8721297643 5081044.603606959, 410135.07269389735 5081044.508001259, 410135.24519983557 5081044.423826674, 410135.43841467967 5081044.329202772)",fracture,0,2
,1.067,92,"LINESTRING (410138.76182691375 5081044.633743539, 410138.9686262012 5081044.628547577, 410139.160876795 5081044.622312423, 410139.3127340574 5081044.618410621, 410139.3127340574 5081044.618410621, 410139.3127340576 5081044.618410621, 410139.52667251945 5081044.599450191, 410139.7261756706 5081044.599369891, 410139.7261756707 5081044.599369891, 410139.82699912286 5081044.605685345)",fracture,0,2
,1.403,110,"LINESTRING (410133.62552721257 5081044.519367544, 410133.6255272126 5081044.519367544, 410133.75084116566 5081044.355239965, 410133.8085163434 5081044.286653267, 410133.8085163434 5081044.286653267, 410133.8661915219 5081044.2180665685, 410134.0386974602 5081044.188969182, 410134.26212382596 5081044.161950179, 410134.4273554174 5081044.120382483, 410134.6466250136 5081044.10167702, 410134.7900335647 5081044.099598636, 410134.86886373436 5081044.073874649, 410134.8688637344 5081044.073874649)",fracture,0,2
,6.216,127,"LINESTRING (410137.8504551798 5081044.2700261995, 410137.98175226175 5081044.1717776945, 410138.30666064273 5081043.92865148, 410138.48955850495 5081043.799791623, 410138.93848962133 5081043.546228677, 410139.2103785304 5081043.371682711, 410139.2751879586 5081043.330076658, 410139.29637461784 5081043.30749614, 410139.59110244794 5081042.993378321, 410139.87835484033 5081042.636123245, 410140.0857580299 5081042.378176421, 410140.4523331581 5081042.0116012925, 410140.4523331581 5081042.0116012925, 410140.5346891464 5081041.929245304, 410140.888014562 5081041.580076658, 410141.1582045858 5081041.338984022, 410141.1692305554 5081041.330197702, 410141.42423783994 5081041.126988772, 410141.47990625206 5081041.088189576, 410141.6633905057 5081040.960306611, 410141.6985846333 5081040.935777371, 410141.97293142666 5081040.8567987485, 410142.33041361196 5081040.757036278, 410142.41300805897 5081040.72606336, 410142.5299385526 5081040.682214425, 410142.7254121918 5081040.591121081)",fracture,0,2
,1.129,134,"LINESTRING (410136.0942200245 5081044.228978075, 410136.21996230475 5081044.167665723, 410136.2812746563 5081044.142725105, 410136.3005809302 5081044.093797479, 410136.3005809302 5081044.093797479, 410136.4018209746 5081043.994120592, 410136.4859955589 5081043.923455509, 410136.57744449005 5081043.76757665, 410136.67824615276 5081043.676127719, 410136.77385185345 5081043.557659785, 410136.88400624786 5081043.457897315)",fracture,0,2
,0.91,131,"LINESTRING (410135.88014639035 5081044.049197788, 410136.09525921696 5081043.916181161, 410136.26377815584 5081043.774812495, 410136.26377815584 5081043.774812495, 410136.2823138488 5081043.7592631085, 410136.46105494146 5081043.572208477, 410136.55873902695 5081043.453740544)",fracture,0,2
,2.84,100,"LINESTRING (410137.9817522629 5081044.1717776945, 410138.5119011406 5081044.191047546, 410138.9992823757 5081044.240928782, 410139.2008857011 5081044.225340895, 410139.3494902142 5081044.217027357, 410139.60928831395 5081044.207674625, 410139.84206741344 5081044.147401514, 410139.8420674138 5081044.147401514, 410139.8420674138 5081044.147401514, 410139.9678096916 5081044.051795765, 410139.98938332533 5081044.02303092, 410140.0519842759 5081043.939562986, 410140.26086194813 5081043.886564174, 410140.54767905036 5081043.77640978, 410140.67745718005 5081043.708741909)",fracture,0,2
,1.209,94,"LINESTRING (410138.9801902555 5081043.322253272, 410138.98019025585 5081043.322253272, 410139.1426909268 5081043.296302892, 410139.29637461784 5081043.30749614, 410139.29637461784 5081043.30749614, 410139.2963746182 5081043.30749614, 410139.47627168684 5081043.3191651255, 410139.7028156299 5081043.304616432, 410140.0447099291 5081043.265127121, 410140.18188332574 5081043.24330408)",fracture,0,2
,1.736,93,"LINESTRING (410138.6272514967 5081042.801647311, 410138.7436410454 5081042.801647311, 410139.01383106917 5081042.780863463, 410139.2091992402 5081042.755922846, 410139.3920971024 5081042.739295767, 410139.4877028031 5081042.722668689, 410139.6352681238 5081042.691492917, 410139.7911469836 5081042.656160375, 410139.8783548407 5081042.636123245, 410140.00729900267 5081042.643690066, 410140.1423940145 5081042.652003606, 410140.2546267936 5081042.672787453, 410140.25462679367 5081042.672787453, 410140.25462679367 5081042.672787453, 410140.33776218555 5081042.71019838)",fracture,0,2
,1.657,94,"LINESTRING (410136.215304533 5081043.471947027, 410136.4948286941 5081043.451142562, 410136.5587390267 5081043.453740544, 410136.5587390267 5081043.453740544, 410136.55873902695 5081043.453740544, 410136.6292547035 5081043.45673696, 410136.74215648504 5081043.461534485, 410136.8871271638 5081043.455070824, 410136.90530969173 5081043.454260139, 410137.1131481715 5081043.41996679, 410137.61299971543 5081043.3939869795, 410137.81875981047 5081043.368007169, 410137.86240589124 5081043.352419283)",fracture,0,2
,0.682,129,"LINESTRING (410136.19586412236 5081043.468301949, 410136.3202443709 5081043.393467384, 410136.38361110206 5081043.337923706, 410136.4044189539 5081043.319684724, 410136.4044189539 5081043.319684724, 410136.45637857524 5081043.260970353, 410136.54003356333 5081043.203295175, 410136.6257669363 5081043.132110496, 410136.721308947 5081043.038990796)",fracture,0,2
,0.271,111,"LINESTRING (410136.4044189552 5081043.319684723, 410136.6039438959 5081043.241745293, 410136.656423112 5081043.220441849)",fracture,0,2
,0.582,140,"LINESTRING (410137.27891410346 5081043.0252219755, 410137.27891410363 5081043.0252219755, 410137.3911321382 5081042.793853371, 410137.4576404518 5081042.724227481, 410137.53331755503 5081042.662844941, 410137.53331755503 5081042.662844941, 410137.55116776767 5081042.648366435, 410137.6436558912 5081042.592250045)",fracture,0,2
,0.407,179,"LINESTRING (410137.5333175549 5081042.662844941, 410137.53331755503 5081042.662844941, 410137.53331755503 5081042.662844941, 410137.56104009546 5081042.717472729, 410137.5781867701 5081042.806323679, 410137.57662798144 5081042.922193632, 410137.5459718057 5081043.000133063, 410137.5275261408 5081043.052612276)",fracture,0,2
,1.214,132,"LINESTRING (410137.11418736295 5081046.343734599, 410137.2950068404 5081046.208639586, 410137.35943676915 5081046.152523197, 410137.3677503083 5081046.104720347, 410137.5111588594 5081045.9384495625, 410137.6067645601 5081045.842843862, 410137.6608025645 5081045.7576300865, 410137.6608025649 5081045.757630086, 410137.8249949639 5081045.647475691, 410137.862835306 5081045.627219979, 410137.862835306 5081045.627219979, 410138.00165767164 5081045.552909185)",fracture,0,2
,0.528,138,"LINESTRING (410138.0463429446 5081043.765498258, 410138.1793595717 5081043.633520823, 410138.2957491204 5081043.499465004, 410138.3975899755 5081043.372683531)",fracture,0,2
,0.648,135,"LINESTRING (410138.8735400941 5081043.961905624, 410139.1063191915 5081043.7925172625, 410139.17490588984 5081043.671970945, 410139.3224712106 5081043.506739352)",fracture,0,2
,0.404,157,"LINESTRING (410140.4583085027 5081042.698247666, 410140.5362479326 5081042.551721537, 410140.5341695478 5081042.499761917, 410140.6110697853 5081042.330373556)",fracture,0,2
,0.541,154,"LINESTRING (410140.02080850274 5081043.150296358, 410140.11329662625 5081043.026632464, 410140.2151374814 5081042.807362867, 410140.2587835621 5081042.711757166, 410140.2546267936 5081042.672787453)",fracture,0,2
,11.795,129,"LINESTRING (410136.9086870683 5081044.19936112, 410136.9086870684 5081044.19936112, 410137.50544330024 5081043.761861081, 410138.265501576 5081043.170007429, 410138.2655015763 5081043.170007429, 410138.543596507 5081042.849969751, 410138.71090648323 5081042.745011319, 410139.2034836805 5081042.410391367, 410139.8321950817 5081041.969773789, 410140.4251372825 5081041.5074606165, 410140.4251372828 5081041.5074606165, 410140.65219865297 5081041.330422345, 410140.65219865297 5081041.330422345, 410140.6521986542 5081041.330422344, 410140.9171119463 5081041.123871176, 410141.20808581804 5081040.793407993, 410141.8544634903 5081040.213538635, 410142.1983475417 5081039.945919191, 410142.36990292027 5081039.812410369, 410142.8998910438 5081039.292814169, 410143.1908649155 5081039.055878302, 410143.78943973733 5081038.627731034, 410144.0554729911 5081038.444833172, 410144.05547299125 5081038.444833172, 410144.0554729915 5081038.444833172, 410144.39217132854 5081038.170486377, 410144.81408344256 5081037.684144334, 410144.9990596896 5081037.499168087, 410145.26301455894 5081037.253918681, 410145.591399357 5081037.025296352, 410145.81586491526 5081036.817457872, 410145.97797892947 5081036.732244096)",fracture,0,2
,0.461,151,"LINESTRING (410141.6320763166 5081041.791032693, 410141.7006630149 5081041.617487563, 410141.80666063965 5081041.456412741, 410141.8553965323 5081041.391101405)",fracture,0,2
,0.318,146,"LINESTRING (410141.8209695828 5081041.372784781, 410141.8848598677 5081041.2636425495, 410141.98618112656 5081041.13218471, 410141.99969062774 5081041.11036167)",fracture,0,2
,1.295,137,"LINESTRING (410141.5377696064 5081041.661133642, 410141.6136306515 5081041.514607514, 410141.67286461825 5081041.4636870865, 410141.716510699 5081041.436668084, 410141.75911758735 5081041.367042193, 410141.78074808285 5081041.337409245, 410141.8723895589 5081041.230907989, 410141.94747121027 5081041.158164529, 410141.99969062716 5081041.110361671, 410141.99969062716 5081041.110361671, 410141.99969062774 5081041.11036167, 410142.03216539085 5081041.068793981, 410142.1763533356 5081040.940193917, 410142.2865077299 5081040.85498014, 410142.3644471598 5081040.774962326, 410142.41300805856 5081040.72606336)",fracture,0,2
,0.282,99,"LINESTRING (410140.17382958246 5081042.05524736, 410140.3172381335 5081042.026149972, 410140.45233315864 5081042.0116012925)",fracture,0,2
,1.341,118,"LINESTRING (410137.54675119737 5081042.466767546, 410137.65898397646 5081042.402337616, 410137.7296490596 5081042.337907688, 410137.8585089171 5081042.277634528, 410137.9250172306 5081042.256850681, 410138.0975231689 5081042.192420752, 410138.1910504848 5081042.138382748, 410138.23677495035 5081042.088501512, 410138.3032832639 5081042.053168971, 410138.35732126865 5081042.026149969, 410138.4383782758 5081042.032385123, 410138.5610029788 5081041.984582272, 410138.6969643633 5081041.846560867, 410138.6969643633 5081041.846560867, 410138.69817637553 5081041.845330491)",fracture,0,2
,0.365,162,"LINESTRING (410138.85613362025 5081042.198655908, 410138.87379989104 5081042.142539518, 410138.87899585307 5081042.098893438, 410138.889387777 5081042.046933818, 410138.9340730502 5081041.978347119, 410138.95070012857 5081041.912877998, 410138.9652488222 5081041.854683224)",fracture,0,2
,0.285,125,"LINESTRING (410144.59675295337 5081038.736976464, 410144.69431651814 5081038.641500324, 410144.79096141126 5081038.585383935, 410144.8273331452 5081038.578109588)",fracture,0,2
,0.325,115,"LINESTRING (410144.4604982283 5081038.646696286, 410144.445757582 5081038.657948688, 410144.5706526226 5081038.581227165, 410144.72029632813 5081038.526149968)",fracture,0,2
,0.271,134,"LINESTRING (410144.03546853707 5081039.19019391, 410144.13730939216 5081039.098744979, 410144.15045377705 5081039.084862146, 410144.15045377705 5081039.084862146, 410144.22979751567 5081039.001060894)",fracture,0,2
,5.083,91,"LINESTRING (410137.03442934476 5081039.267613743, 410137.22356236144 5081039.202144624, 410137.4054210313 5081039.1969486615, 410137.5976716251 5081039.202144624, 410137.6828854018 5081039.203183816, 410137.74315856094 5081039.218771702, 410137.96242815716 5081039.203183815, 410138.0736217439 5081039.200066238, 410138.24666023295 5081039.208985749, 410138.24666023295 5081039.208985749, 410138.2752250693 5081039.210458163, 410138.50488658954 5081039.210458163, 410138.6327072546 5081039.179282391, 410138.7865077297 5081039.155380966, 410138.90809324034 5081039.162655313, 410139.31857423804 5081039.189674315, 410139.38706181006 5081039.185332567, 410139.3870618103 5081039.185332567, 410139.82673932106 5081039.15745935, 410140.17798635195 5081039.159537735, 410140.4211573733 5081039.126283579, 410140.6310742379 5081039.099264576, 410140.9507779427 5081039.093680233, 410140.9507779434 5081039.093680233, 410141.10702435666 5081039.090951038, 410141.20990440424 5081039.111734885, 410141.3751359957 5081039.13563631, 410141.4967215064 5081039.150185004, 410141.6131110551 5081039.147067427, 410141.8469293449 5081039.142910657, 410142.0849044042 5081039.137714695)",fracture,0,2
,5.303,91,"LINESTRING (410135.89795712306 5081040.575140835, 410136.0531069697 5081040.574528093, 410136.11243605224 5081040.557941468, 410136.1124360523 5081040.557941468, 410136.1497518628 5081040.547509091, 410136.3025131455 5081040.506980588, 410136.4584569573 5081040.46736137, 410136.5104165772 5081040.421636905, 410136.60394389316 5081040.392539517, 410136.7764498314 5081040.369677284, 410136.94895576965 5081040.3468150515, 410137.11938332306 5081040.305247355, 410137.28773249174 5081040.276149969, 410137.35216242046 5081040.253287735, 410137.3913729179 5081040.258370577, 410137.46439519955 5081040.267836429, 410137.57454959385 5081040.25120935, 410137.7449771473 5081040.261601275, 410138.1389242768 5081040.2474191785, 410138.18444010965 5081040.245780609, 410138.18444010965 5081040.245780609, 410138.1844401098 5081040.245780609, 410138.2645733468 5081040.242895812, 410138.44539282424 5081040.230425503, 410138.6168520601 5081040.2321931245, 410138.6469961497 5081040.232503888, 410138.9462835607 5081040.1992497295, 410139.1665923493 5081040.174309112, 410139.3598821355 5081040.161838803, 410139.6505604633 5081040.156884058, 410139.72567786 5081040.155603648, 410139.80257809756 5081040.132741416, 410139.90857572225 5081040.145211725, 410140.116414202 5081040.153525264, 410140.2993120643 5081040.182622651, 410140.4136232282 5081040.203406499, 410140.5819723968 5081040.24289581, 410140.7087538695 5081040.288620275, 410140.8126731094 5081040.334344741, 410140.87710303813 5081040.359285359, 410141.07039282436 5081040.483988447)",fracture,0,2
,3.303,98,"LINESTRING (410136.0002449858 5081041.555851508, 410136.3981837981 5081041.460829304, 410136.6060222779 5081041.348596524, 410136.75358759856 5081041.29871529, 410136.8025083845 5081041.291396432, 410136.8025083845 5081041.291396432, 410136.80250838486 5081041.291396432, 410137.0175424679 5081041.2592259785, 410137.202518715 5081041.209344743, 410137.35631919 5081041.18232574, 410137.4207491188 5081041.194796049, 410137.6826256034 5081041.171933817, 410137.81998746115 5081041.164508851, 410137.913326316 5081041.159463508, 410138.0089320167 5081041.13867966, 410138.10661610216 5081041.109582272, 410138.3186113516 5081041.0950335795, 410138.7342883113 5081041.095033579, 410138.8454819015 5081041.088798424, 410138.95667548466 5081041.08256327, 410139.2299830856 5081041.122052581)",fracture,0,2
,1.695,99,"LINESTRING (410135.46241921023 5081041.965614662, 410135.8713132517 5081041.923269922, 410136.1581303538 5081041.8422129145, 410136.32232275285 5081041.78817491, 410136.3709675325 5081041.777933903, 410136.3709675325 5081041.777933903, 410136.5197693087 5081041.746607214, 410136.65486432053 5081041.721666596, 410136.8128215652 5081041.692569209, 410137.0248168146 5081041.698804364, 410137.1245792849 5081041.713353057)",fracture,0,2
,2.625,93,"LINESTRING (410138.531143507 5081038.738206923, 410138.78728712327 5081038.7080086395, 410139.1634747717 5081038.683068022, 410139.4440567194 5081038.726714103, 410139.705933204 5081038.730870872, 410140.0467883109 5081038.662284174, 410140.3065864107 5081038.602011015, 410140.45830850094 5081038.612402938, 410140.6890092135 5081038.566678473, 410141.1296267907 5081038.59161909)",fracture,0,2
,0.905,171,"LINESTRING (410138.7337095125 5081039.492850802, 410138.70022515865 5081039.678220694, 410138.66674080485 5081039.863590586, 410138.6629570952 5081039.8915464915, 410138.6629570952 5081039.8915464915, 410138.66295709513 5081039.8915464915, 410138.6168520601 5081040.2321931245, 410138.5877621826 5081040.3852651715)",fracture,0,2
,4.628,91,"LINESTRING (410136.5017798621 5081040.7403092, 410136.5312004248 5081040.725081085, 410136.9032313037 5081040.567123841, 410137.12561847706 5081040.481910064, 410137.271105413 5081040.432028829, 410137.37086788326 5081040.396696287, 410137.5537657455 5081040.37591244, 410137.62012686755 5081040.381799313, 410137.81148546044 5081040.398774672, 410137.9756778583 5081040.413323366, 410137.9756778583 5081040.413323366, 410137.9756778584 5081040.413323366, 410137.9756778595 5081040.413323366, 410138.11285125616 5081040.432028829, 410138.3082194272 5081040.407088212, 410138.34207317594 5081040.403326684, 410138.3420731767 5081040.403326684, 410138.47656859586 5081040.388382749, 410138.5877621826 5081040.3852651715, 410138.6796040401 5081040.389044672, 410138.8402859355 5081040.395657097, 410138.953557907 5081040.372794864, 410139.0585163393 5081040.342658284, 410139.24557097105 5081040.32395282, 410139.4253512561 5081040.324992012, 410139.5768027313 5081040.323264428, 410139.6986588571 5081040.321874435, 410140.1278453178 5081040.381108403, 410140.3034688332 5081040.467361371, 410140.3554284531 5081040.542183224, 410140.4011529187 5081040.621161846, 410140.521699237 5081040.648180849, 410140.67965648166 5081040.621161846, 410140.80228118476 5081040.644024079, 410140.91867073346 5081040.700140469)",fracture,0,2
,0.658,92,"LINESTRING (410138.043225365 5081039.705633343, 410138.5607431797 5081039.682771111, 410138.70022515865 5081039.678220694, 410138.70022515865 5081039.678220694, 410138.7002251587 5081039.678220694)",fracture,0,2
,2.347,129,"LINESTRING (410136.7743714457 5081042.140461135, 410136.9754551749 5081041.976268737, 410137.0648257212 5081041.875467074, 410137.12405968795 5081041.809997953, 410137.1074326095 5081041.742450447, 410137.1245792849 5081041.713353057, 410137.124579285 5081041.713353057, 410137.12457928504 5081041.713353057, 410137.29136966425 5081041.58241482, 410137.69041954534 5081041.288323373, 410137.81998746115 5081041.164508851, 410137.93878652883 5081041.071132161, 410138.04738213436 5081041.010339405, 410138.08375386836 5081040.996829904, 410138.235270767 5081040.914184323, 410138.2352707671 5081040.914184323, 410138.2552206142 5081040.903302588, 410138.29158753617 5081040.876243866, 410138.29158753617 5081040.876243866, 410138.4298049372 5081040.773403538, 410138.5576256023 5081040.7027384555)",fracture,0,2
,2.337,96,"LINESTRING (410135.96743929153 5081041.167043286, 410136.0130980625 5081041.140108555, 410136.04219544964 5081041.113089552, 410136.1190956872 5081041.100619243, 410136.2136621955 5081041.066325894, 410136.321738205 5081041.014366274, 410136.46514675603 5081041.0091703115, 410136.7218272786 5081040.993582426, 410136.9593476925 5081040.967732517, 410137.0996386664 5081040.9396743225, 410137.1588726331 5081040.89498905, 410137.25136075664 5081040.86900924, 410137.66080256185 5081040.880440356, 410137.9413845096 5081040.8679700475, 410138.1606541057 5081040.879401163, 410138.2352707671 5081040.914184323, 410138.2352707671 5081040.914184323, 410138.2352707673 5081040.914184323)",fracture,0,2
,1.147,95,"LINESTRING (410138.2915875361 5081040.876243866, 410138.29158753617 5081040.876243866, 410138.29158753617 5081040.876243866, 410138.5919189514 5081040.878361972, 410138.7332491177 5081040.854460547, 410139.05747714615 5081040.833676698, 410139.1811410416 5081040.827441543, 410139.3692348658 5081040.784834655, 410139.4305472174 5081040.777560309)",fracture,0,2
,0.538,119,"LINESTRING (410139.16373456887 5081040.9207090605, 410139.3185742363 5081040.832377707, 410139.4027488206 5081040.797045165, 410139.4305472174 5081040.777560309, 410139.4305472174 5081040.777560309, 410139.5253735237 5081040.732615236, 410139.6324103408 5081040.659871768)",fracture,0,2
,0.262,137,"LINESTRING (410138.74078326224 5081041.741671056, 410138.85093765653 5081041.613850391, 410138.91952435486 5081041.550459654)",fracture,0,2
,1.095,136,"LINESTRING (410140.950777943 5081039.093680233, 410141.10234798887 5081038.947802292, 410141.15638599364 5081038.885450748, 410141.363587942 5081038.652802947, 410141.363587942 5081038.652802947, 410141.39332186064 5081038.619417494, 410141.5234696305 5081038.494879542, 410141.6344144972 5081038.3887167815, 410141.7113147347 5081038.307659774)",fracture,0,2
,0.493,97,"LINESTRING (410140.87684323837 5081038.713984002, 410141.11273991293 5081038.672416306, 410141.1584643785 5081038.658906805, 410141.2062672289 5081038.659945997, 410141.3635879417 5081038.652802947)",fracture,0,2
,0.512,162,"LINESTRING (410139.49727339356 5081040.636291342, 410139.55499050656 5081040.511786854, 410139.57161758497 5081040.426573077, 410139.5705783926 5081040.352270822, 410139.576802731 5081040.323264429, 410139.5768027313 5081040.323264428, 410139.5768027313 5081040.323264428, 410139.6287731669 5081040.23899885, 410139.6505604633 5081040.156884058, 410139.6505604634 5081040.156884058)",fracture,0,2
,0.299,167,"LINESTRING (410138.61361209245 5081040.680006122, 410138.64102079155 5081040.526335546, 410138.67021885 5081040.4224400185, 410138.67021885 5081040.4224400185, 410138.6796040401 5081040.389044672, 410138.67960404017 5081040.389044672)",fracture,0,2
,1.115,95,"LINESTRING (410136.8141205539 5081039.703295166, 410136.9190789862 5081039.675236971, 410136.97519537574 5081039.647178776, 410137.1071728104 5081039.618081389, 410137.32852079143 5081039.60145431, 410137.8408426442 5081039.593140771, 410137.9125469197 5081039.609767849)",fracture,0,2
,0.573,96,"LINESTRING (410138.1069408474 5081039.948609524, 410138.36466056237 5081039.909120213, 410138.4550703011 5081039.862356556, 410138.558989541 5081039.883140403, 410138.6629570952 5081039.891546491)",fracture,0,2
,0.243,110,"LINESTRING (410138.858276952 5081039.937178406, 410138.9663529615 5081039.89145394, 410139.0868992798 5081039.8561213985)",fracture,0,2
,0.325,171,"LINESTRING (410139.3870618102 5081039.185332567, 410139.33734464797 5081039.275212848, 410139.3134432228 5081039.333407622, 410139.3279919164 5081039.379132087, 410139.3498149568 5081039.436287669, 410139.34174023673 5081039.485635557)",fracture,0,2
,0.277,173,"LINESTRING (410138.21476592583 5081039.483564443, 410138.2329978485 5081039.3266054755, 410138.2329978485 5081039.3266054755, 410138.2466602329 5081039.208985749)",fracture,0,2
,0.52,91,"LINESTRING (410138.2329978484 5081039.3266054755, 410138.2329978485 5081039.3266054755, 410138.2329978485 5081039.3266054755, 410138.44467837707 5081039.306388619, 410138.63900735567 5081039.295996696, 410138.74916174996 5081039.317819736)",fracture,0,2
,0.436,167,"LINESTRING (410139.65335963183 5081039.5135413725, 410139.6324752891 5081039.761035294, 410139.61584821076 5081039.823386839, 410139.56480179954 5081039.916678555, 410139.55680909264 5081039.930878301)",fracture,0,2
,0.416,106,"LINESTRING (410139.29668624524 5081039.992840149, 410139.44113398873 5081039.955948819, 410139.5568090926 5081039.930878301, 410139.5568090926 5081039.930878301, 410139.55680909264 5081039.930878301, 410139.69625572267 5081039.879568177)",fracture,0,2
,0.784,111,"LINESTRING (410136.0123952427 5081041.420983657, 410136.17313369195 5081041.318849648, 410136.27809212427 5081041.258576489, 410136.43604936893 5081041.201420908, 410136.60543773 5081041.160892404, 410136.7342975874 5081041.143226133)",fracture,0,2
,0.835,138,"LINESTRING (410136.24587715976 5081041.9132677, 410136.37096753204 5081041.777933904, 410136.3709675325 5081041.777933903, 410136.3709675325 5081041.777933903, 410136.5233415303 5081041.615019481, 410136.66675008135 5081041.452905467, 410136.80250838486 5081041.291396432, 410136.8025083851 5081041.291396432)",fracture,0,2
,1.356,97,"LINESTRING (410137.3437839295 5081040.585439614, 410137.5194074449 5081040.57504769, 410137.5911117204 5081040.537636764, 410137.68256065156 5081040.523088071, 410137.78440150665 5081040.530362417, 410137.821812433 5081040.537636764, 410137.9340452121 5081040.523088071, 410138.03900364443 5081040.495029876, 410138.1917649271 5081040.508539377, 410138.2529300443 5081040.509419451, 410138.2529300443 5081040.509419451, 410138.3362126706 5081040.510617761, 410138.49936587724 5081040.461775718, 410138.6334216967 5081040.424364792, 410138.67021885 5081040.4224400185, 410138.6702188501 5081040.4224400185)",fracture,0,2
,0.139,140,"LINESTRING (410138.252930044 5081040.509419451, 410138.2529300443 5081040.509419451, 410138.2529300443 5081040.509419451, 410138.30607609096 5081040.44099187, 410138.34207317594 5081040.403326684, 410138.34207317635 5081040.403326684)",fracture,0,2
,0.183,164,"LINESTRING (410136.06149332045 5081040.731489211, 410136.0884395113 5081040.673251371, 410136.0905178961 5081040.623889732, 410136.11243605206 5081040.557941468)",fracture,0,2
,0.931,128,"LINESTRING (410135.89332272485 5081040.430737717, 410136.04323464195 5081040.323043532, 410136.1367619579 5081040.254456834, 410136.17625126906 5081040.186909327, 410136.1804080386 5081040.139106478, 410136.25730827614 5081040.077794125, 410136.3248557821 5081040.041422391, 410136.37993297924 5081039.997776311, 410136.41630471323 5081039.978031656, 410136.49320495076 5081039.979070848, 410136.5462037631 5081039.951012653, 410136.58908285 5081039.882877808, 410136.58908285 5081039.882877808, 410136.58908285014 5081039.882877808)",fracture,0,2
,0.931,92,"LINESTRING (410138.55600186286 5081041.8859889, 410138.6536859484 5081041.853773936, 410138.6969643633 5081041.846560867, 410138.6969643633 5081041.846560867, 410138.7160374923 5081041.843382012, 410138.9862275161 5081041.836107666, 410139.1088522192 5081041.840264435, 410139.23459449946 5081041.867283437, 410139.3312393926 5081041.852734744, 410139.47672632843 5081041.861048283)",fracture,0,2
,0.517,127,"LINESTRING (410137.88572276523 5081042.112532846, 410138.00211231393 5081042.000300067, 410138.0239353543 5081041.956653986, 410138.05822870345 5081041.942105292, 410138.1621479434 5081041.897420019, 410138.2276170645 5081041.851695553, 410138.2899686085 5081041.808049473)",fracture,0,2
,0.513,125,"LINESTRING (410138.82463309704 5081038.556416455, 410138.89321979537 5081038.415086288, 410138.9680416481 5081038.358969899, 410139.218437287 5081038.280535737)",fracture,0,2
,0.195,94,"LINESTRING (410137.415488204 5081039.110306004, 410137.6101540299 5081039.095424477)",fracture,0,2
,0.615,97,"LINESTRING (410138.35180055536 5081041.546172989, 410138.53677680244 5081041.530585102, 410138.60224592354 5081041.510840447, 410138.72902739624 5081041.47758629, 410138.8163195578 5081041.46927275, 410138.95868891646 5081041.474468713)",fracture,0,2
,0.384,128,"LINESTRING (410139.4491877288 5081041.609563725, 410139.5967454641 5081041.51319949, 410139.5967454641 5081041.51319949, 410139.652869439 5081041.476547098, 410139.7515927169 5081041.376784628)",fracture,0,2
,0.939,115,"LINESTRING (410139.82953214674 5081041.716600544, 410139.9770974674 5081041.581505531, 410140.0427058534 5081041.509141992, 410140.1755832156 5081041.449528097, 410140.35536350065 5081041.405882016, 410140.4800665885 5081041.349765627, 410140.4800665886 5081041.349765627, 410140.4800665886 5081041.349765627, 410140.65219865297 5081041.330422345, 410140.6521986531 5081041.330422345)",fracture,0,2
,0.331,161,"LINESTRING (410140.4800665885 5081041.349765627, 410140.58398582845 5081041.087889141, 410140.5891817904 5081041.039047099)",fracture,0,2
,0.451,99,"LINESTRING (410132.7178189636 5081045.2707925495, 410132.8310909351 5081045.2119241785, 410133.0399686073 5081045.1937383115, 410133.1530026529 5081045.199760533)",fracture,0,2
,0.269,129,"LINESTRING (410137.9756778595 5081040.413323366, 410138.04939556617 5081040.368768003, 410138.18444011017 5081040.245780609)",fracture,0,2
,0.419,136,"LINESTRING (410143.19684217125 5081037.745530929, 410143.3238165849 5081037.61127095, 410143.44955886516 5081037.499038171, 410143.4859305991 5081037.443960974)",fracture,0,2
,7.295,99,"LINESTRING (410117.23721070495 5081043.047295539, 410117.8255838118 5081042.989677983, 410119.1484779433 5081042.773291675, 410121.18528341 5081042.5238796305, 410121.18528341 5081042.5238796305, 410121.1852834106 5081042.5238796305, 410122.1787629788 5081042.31189025, 410123.64194587676 5081042.074954384, 410123.9474684421 5081042.000132532, 410124.43578085135 5081041.910899174)",fracture,0,2
